year,category,report_code,source,revenue,gross_profit,operating_profit,net_income,total_assets,current_assets,cash,inventory,total_liabilities,current_liabilities,total_equity,cfo,capex,gross_margin_pct,operating_margin_pct,net_margin_pct,current_ratio_pct,debt_to_equity_pct,equity_ratio_pct,fcf,revenue_growth_pct,roa_pct,roe_pct
2015,annual,11011,Open DART / consolidated (CFS),18797998000000.0,8282645000000.0,5336100000000.0,4323595000000.0,29677906000000.0,9760030000000.0,1175719000000.0,1923376000000.0,8290203000000.0,4840698000000.0,21387703000000.0,,7398368000000.0,44.06131440167192,28.38653350213145,23.000295031417707,201.62443515377328,38.761539750201315,72.06607838167558,,,,
2016,annual,11011,Open DART / consolidated (CFS),17197975000000.0,6410836000000.0,3276746000000.0,2960483000000.0,32216026000000.0,9838982000000.0,613786000000.0,2026198000000.0,8192496000000.0,4160849000000.0,24023530000000.0,,6486729000000.0,37.276691005772484,19.05309200647169,17.2141371295167,236.46573091212875,34.101965864300546,74.57012233600754,,-8.511667040288017,9.566310959206794,13.038549294620564
2016,half_year,11012,Open DART / consolidated (CFS),3940927000000.0,1251810000000.0,452853000000.0,286132000000.0,29329452000000.0,8356317000000.0,987448000000.0,2010992000000.0,7628630000000.0,3163858000000.0,21700822000000.0,,3501814000000.0,31.76435391977573,11.49102736488141,7.260525252053641,264.1179534606168,35.153645331960234,73.98986520443682,,-8.511667040288017,9.566310959206794,13.038549294620564
2016,quarterly_q1,11013,Open DART / consolidated (CFS),3655717000000.0,1318045000000.0,561798000000.0,448026000000.0,29797655000000.0,9163101000000.0,946946000000.0,2193908000000.0,8332966000000.0,4251605000000.0,21464689000000.0,,1779171000000.0,36.054349940107514,15.367655647305304,12.255489142075275,215.52098560426006,38.821741139599084,72.03482623045338,,-8.511667040288017,9.566310959206794,13.038549294620564
2016,quarterly_q3,11014,Open DART / consolidated (CFS),4243645000000.0,1451357000000.0,725956000000.0,597751000000.0,29166995000000.0,8228379000000.0,1214703000000.0,1995002000000.0,7162415000000.0,2974257000000.0,22004580000000.0,,4976341000000.0,34.200716600940936,17.10689749024718,14.085791813405693,276.6532616381167,32.54965557170371,75.44342500830133,,-8.511667040288017,9.566310959206794,13.038549294620564
2017,annual,11011,Open DART / consolidated (CFS),30109434000000.0,17407591000000.0,13721326000000.0,10642219000000.0,45418464000000.0,17310444000000.0,2949991000000.0,2640439000000.0,11597545000000.0,8116133000000.0,33820919000000.0,,9913214000000.0,57.81440793606416,45.57151755160858,35.34513136314685,213.2843806280651,34.291040406087134,74.46513162576348,,75.07546091909076,27.416214107930635,36.79599057119552
2017,half_year,11012,Open DART / consolidated (CFS),6692278000000.0,3833474000000.0,3050700000000.0,2468509000000.0,37501577000000.0,12290962000000.0,1326003000000.0,2424006000000.0,9737793000000.0,5483352000000.0,27763784000000.0,,5113144000000.0,57.28204955024283,45.58537466614507,36.885930321483954,224.15051960917336,35.07372410043242,74.0336439718255,,75.07546091909076,27.416214107930635,36.79599057119552
2017,quarterly_q1,11013,Open DART / consolidated (CFS),6289518000000.0,3304696000000.0,2467599000000.0,1898678000000.0,34319500000000.0,10841409000000.0,2162786000000.0,2040563000000.0,9150581000000.0,5167516000000.0,25168919000000.0,,2212767000000.0,52.54291346332104,39.23351519146618,30.187973068842478,209.79923429361418,36.356670701669785,73.3370795029065,,75.07546091909076,27.416214107930635,36.79599057119552
2017,quarterly_q3,11014,Open DART / consolidated (CFS),8100085000000.0,4701928000000.0,3737193000000.0,3055529000000.0,40730453000000.0,14557910000000.0,1123119000000.0,2557403000000.0,9825955000000.0,5642787000000.0,30904498000000.0,,7474916000000.0,58.047884682691596,46.13770102412506,37.72218439683041,257.9914854131478,31.794578899162186,75.8756550043772,,75.07546091909076,27.416214107930635,36.79599057119552
2018,annual,11011,Open DART / consolidated (CFS),40445066000000.0,25264228000000.0,20843750000000.0,15539984000000.0,63658335000000.0,19894146000000.0,2349319000000.0,4422733000000.0,16806004000000.0,13031852000000.0,46852331000000.0,,16969285000000.0,62.46553782357531,51.53595249418063,38.42244688140699,152.65785707204165,35.870155531856035,73.59968023040501,,34.32688904082355,28.49365610738174,38.52574180412962
2018,half_year,11012,Open DART / consolidated (CFS),10370507000000.0,6608264000000.0,5573918000000.0,4328543000000.0,53257080000000.0,15695268000000.0,1187928000000.0,3367788000000.0,12479404000000.0,8727425000000.0,40777676000000.0,,8873454000000.0,63.721706180806784,53.74778687290795,41.738971874759834,179.8384746932801,30.603519435487204,76.56761504761432,,34.32688904082355,28.49365610738174,38.52574180412962
2018,quarterly_q1,11013,Open DART / consolidated (CFS),8719691000000.0,5336477000000.0,4367338000000.0,3121329000000.0,49125123000000.0,17632878000000.0,3477358000000.0,3103142000000.0,12746637000000.0,9352773000000.0,36378486000000.0,,4509449000000.0,61.200299414279705,50.085926209999876,35.796325810169186,188.53101641620086,35.038943072012394,74.05271229549899,,34.32688904082355,28.49365610738174,38.52574180412962
2018,quarterly_q3,11014,Open DART / consolidated (CFS),11416788000000.0,7545164000000.0,6472420000000.0,4692193000000.0,57377252000000.0,17700533000000.0,2340357000000.0,3686740000000.0,13888426000000.0,10002009000000.0,43488826000000.0,,12371047000000.0,66.08832536787055,56.692127417974305,41.09906393987521,176.96977677184654,31.935619508330714,75.79454310568934,,34.32688904082355,28.49365610738174,38.52574180412962
2019,annual,11011,Open DART / consolidated (CFS),26990733000000.0,8165458000000.0,2712718000000.0,2016391000000.0,64789494000000.0,14457602000000.0,2306070000000.0,5295835000000.0,16846299000000.0,7874033000000.0,47943195000000.0,,14593600000000.0,30.25282047730975,10.050553276933975,7.470678917834503,183.61114310798544,35.13803992412271,73.99840937174166,,-33.26569673541885,3.1396264393071216,4.254190224125135
2019,half_year,11012,Open DART / consolidated (CFS),6452201000000.0,2016812000000.0,637630000000.0,,63032264000000.0,14242750000000.0,1128775000000.0,5588705000000.0,15321477000000.0,7512771000000.0,47710787000000.0,,8827269000000.0,31.25773670101102,9.882364173093801,,189.58051563131633,32.11323468631947,75.69264369117377,,-33.26569673541885,3.1396264393071216,4.254190224125135
2019,quarterly_q1,11013,Open DART / consolidated (CFS),6772655000000.0,2680200000000.0,1366490000000.0,,65131501000000.0,18618236000000.0,1152257000000.0,5117491000000.0,17965494000000.0,13231722000000.0,47166007000000.0,,4498007000000.0,39.57384511687071,20.176577723211945,,140.70909289055498,38.08991929293485,72.41658226178451,,-33.26569673541885,3.1396264393071216,4.254190224125135
2019,quarterly_q3,11014,Open DART / consolidated (CFS),6838766000000.0,1815639000000.0,472561000000.0,,63671751000000.0,14175499000000.0,1203143000000.0,5473612000000.0,15405525000000.0,6827424000000.0,48266226000000.0,,11884430000000.0,26.549219552182368,6.91003318434934,,207.62587763701214,31.917815575636677,75.8047725120674,,-33.26569673541885,3.1396264393071216,4.254190224125135
2020,annual,11011,Open DART / consolidated (CFS),31900418000000.0,10810629000000.0,5012624000000.0,4758914000000.0,71173853000000.0,16570953000000.0,2975989000000.0,6136318000000.0,19264756000000.0,9072360000000.0,51909097000000.0,,10869391000000.0,33.88867506375622,15.713348959878834,14.918030227691686,182.65316852505853,37.11248531254551,72.93281846073445,,18.190261820603393,7.000289570688488,9.531907389767277
2020,half_year,11012,Open DART / consolidated (CFS),8606534000000.0,3344205000000.0,1946715000000.0,,69259297000000.0,17362825000000.0,3918249000000.0,5814139000000.0,19856421000000.0,9595472000000.0,49402876000000.0,,5320575000000.0,38.85658268473697,22.619035723323698,,180.9481076074215,40.192844238460935,71.33031685262414,,18.190261820603393,7.000289570688488,9.531907389767277
2020,quarterly_q1,11013,Open DART / consolidated (CFS),7198892000000.0,2192073000000.0,800301000000.0,,67142787000000.0,15799759000000.0,2169664000000.0,5425680000000.0,18895063000000.0,8707249000000.0,48247724000000.0,,2937975000000.0,30.45014427220189,11.117002449821445,,181.45523344973827,39.162599669986506,71.85838740950685,,18.190261820603393,7.000289570688488,9.531907389767277
2020,quarterly_q3,11014,Open DART / consolidated (CFS),8128767000000.0,2843257000000.0,1299696000000.0,,69267173000000.0,17036210000000.0,2807138000000.0,6150544000000.0,18768114000000.0,8851618000000.0,50499059000000.0,,8069241000000.0,34.977715562520125,15.988845540781277,,192.46436075302842,37.165274703435564,72.90474955575277,,18.190261820603393,7.000289570688488,9.531907389767277
2021,annual,11011,Open DART / consolidated (CFS),42997792000000.0,18952192000000.0,12410340000000.0,9616188000000.0,96386474000000.0,26870451000000.0,5057982000000.0,8916605000000.0,34195416000000.0,14769356000000.0,62191058000000.0,,13460528000000.0,44.077128425571246,28.862737881982405,22.364376291694235,181.9338026654649,54.98445773345744,64.52259888664462,,34.78755043272474,11.477881634833524,16.855696646512005
2021,half_year,11012,Open DART / consolidated (CFS),10321671000000.0,4339444000000.0,2694574000000.0,,77717897000000.0,20099557000000.0,2666351000000.0,6226651000000.0,22839883000000.0,9186924000000.0,54878014000000.0,,7477234000000.0,42.04206857591179,26.1059861334468,,218.78440487806364,41.61936873298659,70.6118103015577,,34.78755043272474,11.477881634833524,16.855696646512005
2021,quarterly_q1,11013,Open DART / consolidated (CFS),8494188000000.0,2728548000000.0,1324421000000.0,,75118008000000.0,18384877000000.0,2226144000000.0,6182597000000.0,22739419000000.0,9830992000000.0,52378589000000.0,,4354906000000.0,32.12252895744714,15.592084846721074,,187.00937809734765,43.41357687203067,69.72840520478125,,34.78755043272474,11.477881634833524,16.855696646512005
2021,quarterly_q3,11014,Open DART / consolidated (CFS),11805324000000.0,5831054000000.0,4171821000000.0,,83269048000000.0,24910504000000.0,2761977000000.0,6600336000000.0,24554602000000.0,10545603000000.0,58714446000000.0,,10463323000000.0,49.39342622023758,35.3384710152809,,236.2169711869487,41.82037585775739,70.51172964052621,,34.78755043272474,11.477881634833524,16.855696646512005
2022,annual,11011,Open DART / consolidated (CFS),44621568000000.0,15627855000000.0,6809417000000.0,2241669000000.0,103871512000000.0,28733332000000.0,4977007000000.0,15664707000000.0,40580970000000.0,19843696000000.0,63290542000000.0,,19748882000000.0,35.02309690237689,15.26037139707865,5.023734262319065,144.79828757707233,64.11853764816865,60.931568994586314,,3.7764171704444793,2.2387811290581943,3.5729047127228215
2022,half_year,11012,Open DART / consolidated (CFS),13811001000000.0,6344379000000.0,4192617000000.0,,104147622000000.0,29719276000000.0,4546312000000.0,11878738000000.0,37387462000000.0,16869305000000.0,66760160000000.0,,10413973000000.0,45.93714097913685,30.357082734263795,,176.17368350385507,56.002654876800776,64.10147319542256,,3.7764171704444793,2.2387811290581943,3.5729047127228215
2022,quarterly_q1,11013,Open DART / consolidated (CFS),12155653000000.0,5407739000000.0,2859615000000.0,,99466056000000.0,27767761000000.0,4982764000000.0,10392670000000.0,36067417000000.0,16659247000000.0,63398639000000.0,,5434926000000.0,44.487441357531345,23.52498051729512,,166.6807689447188,56.88989159530696,63.73896940278803,,3.7764171704444793,2.2387811290581943,3.5729047127228215
2022,quarterly_q3,11014,Open DART / consolidated (CFS),10982883000000.0,3872662000000.0,1655560000000.0,,109545800000000.0,31896913000000.0,4719217000000.0,14664974000000.0,40822614000000.0,18383115000000.0,68723186000000.0,,15394625000000.0,35.260887328035814,15.074001971977669,,173.51201360596394,59.40151552345084,62.73466075376691,,3.7764171704444793,2.2387811290581943,3.5729047127228215
2023,annual,11011,Open DART / consolidated (CFS),32765719000000.0,-533448000000.0,-7730313000000.0,-9137547000000.0,100330165000000.0,30468100000000.0,7587329000000.0,13480659000000.0,46826413000000.0,21007810000000.0,53503752000000.0,,8779848000000.0,-1.6280674323063078,-23.592685391704666,-27.887521711334944,145.0322522909337,87.5198677655354,53.32768265655697,,-26.56977226797588,-8.949531790573886,-15.647249000023923
2023,half_year,11012,Open DART / consolidated (CFS),7305933000000.0,,-2882084000000.0,,102819007000000.0,29661132000000.0,6040810000000.0,16420200000000.0,45359957000000.0,19776433000000.0,57459050000000.0,,5347749000000.0,,-39.448541343042706,,149.98221367827048,78.9431029576716,55.88368500777293,,-26.56977226797588,-8.949531790573886,-15.647249000023923
2023,quarterly_q1,11013,Open DART / consolidated (CFS),5088111000000.0,,-3402302000000.0,,104384608000000.0,28834021000000.0,4894782000000.0,17182269000000.0,43376074000000.0,17276137000000.0,61008534000000.0,,3316933000000.0,,-66.86768429383714,,166.90085868154438,71.09837125409373,58.44590995637977,,-26.56977226797588,-8.949531790573886,-15.647249000023923
2023,quarterly_q3,11014,Open DART / consolidated (CFS),9066171000000.0,,-1791961000000.0,,102049450000000.0,30393967000000.0,7122306000000.0,14947895000000.0,46817890000000.0,20250122000000.0,55231560000000.0,,6952203000000.0,,-19.765356289882465,,150.09275993497718,84.76655376020523,54.12234950800813,,-26.56977226797588,-8.949531790573886,-15.647249000023923
2024,annual,11011,Open DART / consolidated (CFS),66192960000000.0,,23467319000000.0,19796902000000.0,119855209000000.0,42278887000000.0,11205117000000.0,13313937000000.0,45939505000000.0,24965444000000.0,73915704000000.0,,16662640000000.0,,35.452892573470045,29.907866335030192,169.34962983233945,62.15121079006431,61.67083151137803,,102.0189454716376,17.982031812885083,31.073593659040576
2024,half_year,11012,Open DART / consolidated (CFS),16423258000000.0,,5468536000000.0,,105624349000000.0,35683696000000.0,7933829000000.0,13354938000000.0,45794329000000.0,23354170000000.0,59830020000000.0,,5423759000000.0,,33.29751015297939,,152.79368095719096,76.54072153076332,56.64415503285137,,102.0189454716376,17.982031812885083,31.073593659040576
2024,quarterly_q1,11013,Open DART / consolidated (CFS),,,2886029000000.0,,103197515000000.0,33026065000000.0,8381395000000.0,13844639000000.0,47690113000000.0,23401233000000.0,55507402000000.0,,3208742000000.0,,,,141.12959347056628,85.91667287905133,53.78753742277612,,102.0189454716376,17.982031812885083,31.073593659040576
2024,quarterly_q3,11014,Open DART / consolidated (CFS),17573069000000.0,,7029958000000.0,,108367058000000.0,37078030000000.0,9135688000000.0,13353865000000.0,43065538000000.0,23031263000000.0,65301520000000.0,,9198110000000.0,,40.004156359939174,,160.9899986813576,65.94875280085364,60.259567072495415,,102.0189454716376,17.982031812885083,31.073593659040576
2025,annual,11011,Open DART / consolidated (CFS),97146675000000.0,,47206319000000.0,42947902000000.0,176107659000000.0,69458073000000.0,14923766000000.0,14289390000000.0,55440908000000.0,37378999000000.0,120666751000000.0,,28579343000000.0,,48.59283037736495,44.20933809623438,185.8211157554005,45.94547175634156,68.51874114117888,,46.762850611303676,29.02249345684811,44.14365313666127
2025,half_year,11012,Open DART / consolidated (CFS),22231952000000.0,11983324000000.0,9212851000000.0,,129087781000000.0,45203170000000.0,9075311000000.0,13408333000000.0,41945296000000.0,25324404000000.0,87142485000000.0,,11076176000000.0,53.90135782948794,41.43968554807963,,178.49648110178623,48.13415178600886,67.5063776950353,,46.762850611303676,29.02249345684811,44.14365313666127
2025,quarterly_q1,11013,Open DART / consolidated (CFS),17639141000000.0,10101991000000.0,7440504000000.0,,123985470000000.0,41228190000000.0,12558069000000.0,14551350000000.0,42546717000000.0,24836401000000.0,81438753000000.0,,6454687000000.0,57.27031151913804,42.181781981333444,,165.9990511507686,52.24382180802793,65.6841104042272,,46.762850611303676,29.02249345684811,44.14365313666127
2025,quarterly_q3,11014,Open DART / consolidated (CFS),24448929000000.0,14029100000000.0,11383390000000.0,,148435030000000.0,57139556000000.0,10814515000000.0,13156389000000.0,48428751000000.0,29769431000000.0,100006279000000.0,,16333587000000.0,57.38124561611676,46.55987180460952,,191.94036997213686,48.42571034964715,67.37377221535914,,46.762850611303676,29.02249345684811,44.14365313666127
2026,half_year,11012,Open DART / consolidated (CFS),79318746000000.0,65991356000000.0,60542608000000.0,,348862214000000.0,,26835986000000.0,17985706000000.0,86168986000000.0,,262693228000000.0,,18994016000000.0,83.19767939851192,76.32824654086185,,,32.80213451105789,75.29999451301997,,,,
2026,quarterly_q1,11013,Open DART / consolidated (CFS),52576287000000.0,41679414000000.0,37610283000000.0,,222828744000000.0,106506116000000.0,21166904000000.0,15974133000000.0,58448945000000.0,40700530000000.0,164379799000000.0,,7865366000000.0,79.27416783920097,71.53468825213922,,261.68238104024687,35.55725542650165,73.76956673058301,,,,
